Country,Total Cases,New Cases,Total Deaths,New Deaths,Total Recovered,Active Cases,"Serious,Critical",Tot Cases/1M pop,Deaths/1M pop,Total Tests,Tests/1M pop,CASES per Test,Death in Closed Cases,Rank by Testing rate,Rank by Death rate,Rank by Cases rate,Rank by Death of Closed Cases 
World,22849844.00,267351.00,796376.00,6186.00,15508345.00,6545123.00,61822.00,2931.00,102.20,,,,0.05,,52.00,80.00,61.00
USA,5746272.00,45341.00,177424.00,1090.00,3095484.00,2473364.00,16817.00,17346.00,536.00,73868332.00,222984.00,331272237.00,0.05,19.00,10.00,8.00,53.00
Brazil,3505097.00,44684.00,112423.00,1234.00,2653407.00,739267.00,8318.00,16474.00,528.00,13748152.00,64616.00,212768400.00,0.04,71.00,11.00,10.00,82.00
India,2904329.00,68507.00,54975.00,981.00,2157941.00,691413.00,8944.00,2102.00,40.00,32661252.00,23636.00,1381863561.00,0.02,123.00,87.00,90.00,121.00
Russia,942106.00,4785.00,16099.00,110.00,755513.00,170494.00,2300.00,6455.00,110.00,33500000.00,229541.00,145943309.00,0.02,17.00,49.00,39.00,140.00
South Africa,599940.00,3880.00,12618.00,195.00,497169.00,90153.00,539.00,10098.00,212.00,3480283.00,58581.00,59410167.00,0.02,82.00,30.00,20.00,123.00
Peru,567059.00,8639.00,27034.00,200.00,380730.00,159295.00,1519.00,17166.00,818.00,2852011.00,86336.00,33033892.00,0.07,58.00,3.00,9.00,38.00
Mexico,537031.00,5792.00,58481.00,707.00,367537.00,111013.00,3480.00,4159.00,453.00,1211552.00,9383.00,129117943.00,0.14,153.00,13.00,57.00,16.00
Colombia,513719.00,11541.00,16183.00,204.00,339124.00,158412.00,1493.00,10081.00,318.00,2374898.00,46606.00,50956995.00,0.05,91.00,20.00,21.00,65.00
Spain,404229.00,3349.00,28813.00,16.00,0.00,0.00,522.00,8645.00,616.00,7955615.00,170147.00,46757339.00,1.00,29.00,5.00,25.00,1.00
Chile,391849.00,1812.00,10671.00,93.00,366063.00,15115.00,1077.00,20474.00,558.00,2113632.00,110437.00,19138783.00,0.03,48.00,9.00,5.00,110.00
Iran,352558.00,2279.00,20264.00,139.00,304236.00,28058.00,3869.00,4190.00,241.00,2939840.00,34940.00,84138745.00,0.06,108.00,25.00,56.00,41.00
UK,322280.00,1182.00,41403.00,6.00,0.00,0.00,70.00,4744.00,609.00,15177265.00,223407.00,67935641.00,1.00,18.00,6.00,53.00,1.00
Argentina,320884.00,8225.00,6517.00,187.00,233651.00,80716.00,1832.00,7091.00,144.00,1030992.00,22783.00,45252733.00,0.03,127.00,40.00,33.00,113.00
Saudi Arabia,303973.00,1287.00,3548.00,42.00,275476.00,24949.00,1682.00,8713.00,102.00,4501104.00,129021.00,34886672.00,0.01,39.00,53.00,24.00,163.00
Pakistan,290958.00,513.00,6209.00,8.00,272804.00,11945.00,725.00,1314.00,28.00,2363752.00,10673.00,221460187.00,0.02,148.00,100.00,109.00,134.00
Bangladesh,287959.00,2868.00,3822.00,41.00,168991.00,115146.00,,1746.00,23.00,1407556.00,8535.00,164914115.00,0.02,156.00,107.00,95.00,135.00
Italy,256118.00,840.00,35418.00,6.00,204686.00,16014.00,68.00,4237.00,586.00,7790596.00,128878.00,60449180.00,0.15,40.00,7.00,55.00,12.00
Turkey,254520.00,1412.00,6058.00,19.00,234797.00,13665.00,735.00,3013.00,72.00,6061930.00,71770.00,84463026.00,0.03,65.00,63.00,79.00,119.00
Germany,231284.00,1584.00,9324.00,10.00,204800.00,17160.00,231.00,2759.00,111.00,10197366.00,121656.00,83821481.00,0.04,43.00,48.00,83.00,75.00
France,229814.00,4771.00,30480.00,12.00,84065.00,115269.00,384.00,3520.00,467.00,6000000.00,91892.00,65293815.00,0.27,56.00,12.00,70.00,8.00
Iraq,192797.00,3995.00,6208.00,87.00,137200.00,49389.00,614.00,4779.00,154.00,1368727.00,33929.00,40340634.00,0.04,110.00,38.00,52.00,76.00
Philippines,177579.00,3896.00,2881.00,86.00,113903.00,60795.00,717.00,1618.00,26.00,2193448.00,19981.00,109778515.00,0.02,129.00,101.00,99.00,124.00
Indonesia,147211.00,2266.00,6418.00,72.00,100674.00,40119.00,,537.00,23.00,1969941.00,7192.00,273918933.00,0.06,163.00,107.00,147.00,44.00
Canada,123873.00,383.00,9054.00,5.00,110288.00,4531.00,61.00,3278.00,240.00,4974215.00,131636.00,37787666.00,0.08,37.00,26.00,76.00,34.00
Qatar,116224.00,268.00,193.00,,112924.00,3107.00,64.00,41393.00,69.00,572273.00,203815.00,2807805.00,0.00,23.00,65.00,1.00,191.00
Ecuador,105508.00,1033.00,6200.00,54.00,87660.00,11648.00,331.00,5968.00,351.00,297376.00,16821.00,17679078.00,0.07,134.00,19.00,44.00,40.00
Bolivia,105050.00,2031.00,4233.00,61.00,39965.00,60852.00,71.00,8983.00,362.00,222251.00,19005.00,11694550.00,0.10,130.00,16.00,23.00,25.00
Kazakhstan,103815.00,244.00,1415.00,,86450.00,15950.00,221.00,5520.00,75.00,2291327.00,121832.00,18807256.00,0.02,42.00,62.00,47.00,152.00
Israel,99599.00,1630.00,795.00,14.00,74579.00,24225.00,389.00,10829.00,86.00,2180096.00,237029.00,9197590.00,0.01,16.00,57.00,19.00,169.00
Ukraine,98537.00,2134.00,2184.00,40.00,50441.00,45912.00,177.00,2255.00,50.00,1356698.00,31049.00,43695861.00,0.04,113.00,80.00,88.00,81.00
Egypt,97025.00,111.00,5212.00,15.00,63462.00,28351.00,41.00,946.00,51.00,135000.00,1316.00,102590466.00,0.08,189.00,78.00,124.00,33.00
Dominican Republic,89010.00,883.00,1505.00,4.00,57734.00,29771.00,288.00,8194.00,139.00,335478.00,30883.00,10862806.00,0.03,114.00,43.00,28.00,116.00
Sweden,85810.00,,5805.00,5.00,0.00,0.00,27.00,8489.00,574.00,1030010.00,101900.00,10108001.00,1.00,53.00,8.00,26.00,1.00
China,84895.00,7.00,4634.00,,79745.00,516.00,24.00,59.00,3.00,90410000.00,62814.00,1439323776.00,0.05,77.00,169.00,199.00,52.00
Panama,83855.00,101.00,1844.00,17.00,59174.00,22837.00,154.00,19393.00,426.00,287300.00,66445.00,4323882.00,0.03,69.00,14.00,6.00,101.00
Oman,83769.00,163.00,609.00,6.00,78386.00,4774.00,151.00,16350.00,119.00,309212.00,60353.00,5123430.00,0.01,79.00,46.00,11.00,174.00
Belgium,79479.00,582.00,9969.00,10.00,18078.00,51432.00,83.00,6854.00,860.00,2049976.00,176773.00,11596664.00,0.36,27.00,2.00,34.00,6.00
Kuwait,78767.00,622.00,509.00,2.00,70642.00,7616.00,94.00,18407.00,119.00,577588.00,134980.00,4279075.00,0.01,35.00,46.00,7.00,178.00
Romania,74963.00,1346.00,3154.00,48.00,34196.00,37613.00,489.00,3900.00,164.00,1591015.00,82783.00,19219141.00,0.08,60.00,35.00,61.00,28.00
Belarus,69950.00,149.00,627.00,5.00,67929.00,1394.00,,7403.00,66.00,1437110.00,152093.00,9448882.00,0.01,33.00,67.00,32.00,171.00
Guatemala,65983.00,1102.00,2506.00,39.00,54351.00,9126.00,5.00,3674.00,140.00,213204.00,11871.00,17959594.00,0.04,146.00,42.00,67.00,72.00
UAE,65802.00,461.00,369.00,2.00,58153.00,7280.00,,6642.00,37.00,6265918.00,632496.00,9906649.00,0.01,7.00,89.00,37.00,183.00
Netherlands,65054.00,529.00,6191.00,10.00,0.00,0.00,51.00,3795.00,361.00,1312787.00,76591.00,17140202.00,1.00,63.00,17.00,63.00,1.00
Poland,59378.00,767.00,1925.00,12.00,40481.00,16972.00,85.00,1569.00,51.00,2409394.00,63672.00,37840722.00,0.05,74.00,78.00,101.00,66.00
Japan,58501.00,951.00,1144.00,16.00,45266.00,12091.00,237.00,463.00,9.00,1259422.00,9962.00,126421114.00,0.02,152.00,137.00,154.00,125.00
Singapore,56099.00,68.00,27.00,0.00,53119.00,2953.00,,9579.00,5.00,1745928.00,298108.00,5856690.00,0.00,15.00,155.00,22.00,192.00
Portugal,54992.00,291.00,1788.00,2.00,40264.00,12940.00,39.00,5395.00,175.00,1880235.00,184473.00,10192461.00,0.04,26.00,34.00,49.00,80.00
Honduras,52298.00,628.00,1608.00,15.00,7867.00,42823.00,43.00,5269.00,162.00,127946.00,12890.00,9925734.00,0.17,142.00,36.00,50.00,9.00
Nigeria,50964.00,476.00,992.00,7.00,37569.00,12403.00,7.00,246.00,5.00,352625.00,1705.00,206802324.00,0.03,185.00,155.00,173.00,115.00
Bahrain,48303.00,353.00,179.00,1.00,44628.00,3496.00,37.00,28265.00,105.00,1011805.00,592064.00,1708944.00,0.00,8.00,51.00,3.00,188.00
Morocco,47638.00,1325.00,775.00,32.00,32806.00,14057.00,31.00,1289.00,21.00,1670569.00,45187.00,36970089.00,0.02,94.00,111.00,110.00,129.00
Ghana,43260.00,166.00,261.00,5.00,41276.00,1723.00,5.00,1388.00,8.00,431272.00,13841.00,31158344.00,0.01,141.00,141.00,106.00,184.00
Kyrgyzstan,42507.00,182.00,1498.00,0.00,35486.00,5523.00,24.00,6501.00,229.00,267718.00,40944.00,6538600.00,0.04,101.00,28.00,38.00,83.00
Armenia,42319.00,263.00,836.00,3.00,35476.00,6007.00,,14278.00,282.00,190560.00,64291.00,2964022.00,0.02,72.00,21.00,13.00,130.00
Algeria,40258.00,411.00,1411.00,9.00,28281.00,10566.00,41.00,916.00,32.00,,,43956407.00,0.05,,96.00,126.00,64.00
Switzerland,39026.00,266.00,1998.00,2.00,33900.00,3128.00,15.00,4505.00,231.00,910283.00,105073.00,8663370.00,0.06,50.00,27.00,54.00,51.00
Afghanistan,37856.00,257.00,1385.00,10.00,27681.00,8790.00,31.00,970.00,35.00,100138.00,2565.00,39043064.00,0.05,180.00,92.00,120.00,62.00
Venezuela,37567.00,699.00,311.00,8.00,26330.00,10926.00,85.00,1322.00,11.00,1678639.00,59056.00,28424431.00,0.01,80.00,133.00,108.00,164.00
Uzbekistan,37547.00,435.00,252.00,4.00,33261.00,4034.00,410.00,1120.00,8.00,1377915.00,41089.00,33534589.00,0.01,100.00,141.00,114.00,177.00
Ethiopia,35836.00,1778.00,620.00,20.00,13536.00,21680.00,216.00,311.00,5.00,694093.00,6018.00,115332992.00,0.04,168.00,155.00,165.00,73.00
Azerbaijan,34759.00,139.00,510.00,,32511.00,1738.00,,3424.00,50.00,855802.00,84301.00,10151735.00,0.02,59.00,80.00,74.00,154.00
Moldova,31937.00,522.00,921.00,7.00,21885.00,9131.00,362.00,7920.00,228.00,183923.00,45609.00,4032626.00,0.04,93.00,29.00,30.00,84.00
Kenya,31441.00,426.00,516.00,10.00,17869.00,13056.00,44.00,583.00,10.00,398585.00,7391.00,53926571.00,0.03,161.00,134.00,141.00,111.00
Costa Rica,31075.00,666.00,333.00,12.00,9939.00,20803.00,128.00,6093.00,65.00,126337.00,24769.00,5100508.00,0.03,121.00,69.00,41.00,94.00
Serbia,30209.00,161.00,689.00,5.00,27908.00,1612.00,52.00,3459.00,79.00,842441.00,96474.00,8732325.00,0.02,54.00,60.00,73.00,127.00
Nepal,29645.00,707.00,126.00,6.00,17964.00,11555.00,,1015.00,4.00,878622.00,30083.00,29206558.00,0.01,116.00,162.00,118.00,179.00
Ireland,27676.00,129.00,1776.00,1.00,23364.00,2536.00,6.00,5596.00,359.00,735598.00,148747.00,4945309.00,0.07,34.00,18.00,46.00,36.00
Austria,24431.00,347.00,729.00,,21093.00,2609.00,21.00,2710.00,81.00,1061437.00,117760.00,9013539.00,0.03,44.00,59.00,84.00,92.00
Australia,24236.00,243.00,463.00,13.00,17854.00,5919.00,51.00,949.00,18.00,5507605.00,215645.00,25540177.00,0.03,22.00,114.00,123.00,117.00
El Salvador,23964.00,247.00,640.00,7.00,11558.00,11766.00,391.00,3692.00,99.00,288307.00,44418.00,6490763.00,0.05,96.00,55.00,66.00,57.00
Czechia,21045.00,247.00,406.00,2.00,15886.00,4753.00,24.00,1965.00,38.00,820151.00,76565.00,10711777.00,0.02,64.00,88.00,91.00,120.00
Cameroon,18762.00,138.00,408.00,2.00,16540.00,1814.00,30.00,705.00,15.00,149000.00,5595.00,26631541.00,0.02,170.00,125.00,133.00,128.00
Palestine,17989.00,383.00,120.00,1.00,10682.00,7187.00,,3516.00,23.00,214862.00,41991.00,5116888.00,0.01,98.00,107.00,71.00,167.00
Ivory Coast,17249.00,17.00,112.00,1.00,14611.00,2526.00,,652.00,4.00,117115.00,4426.00,26463011.00,0.01,175.00,162.00,138.00,175.00
Bosnia and Herzegovina,17029.00,338.00,515.00,8.00,10881.00,5633.00,,5195.00,157.00,168861.00,51515.00,3277873.00,0.05,87.00,37.00,51.00,68.00
S. Korea,16346.00,288.00,307.00,1.00,14063.00,1976.00,12.00,319.00,6.00,1734083.00,33819.00,51275415.00,0.02,111.00,148.00,162.00,137.00
Denmark,16056.00,116.00,621.00,,13769.00,1666.00,1.00,2771.00,107.00,2075156.00,358091.00,5795057.00,0.04,14.00,50.00,81.00,77.00
Bulgaria,14962.00,142.00,532.00,5.00,10087.00,4343.00,63.00,2156.00,77.00,358723.00,51683.00,6940865.00,0.05,86.00,61.00,89.00,59.00
Madagascar,14154.00,80.00,177.00,4.00,13038.00,939.00,83.00,509.00,6.00,53954.00,1942.00,27783027.00,0.01,183.00,148.00,150.00,161.00
North Macedonia,13194.00,118.00,554.00,3.00,9752.00,2888.00,4.00,6333.00,266.00,132493.00,63596.00,2083362.00,0.05,75.00,24.00,40.00,56.00
Sudan,12582.00,36.00,812.00,4.00,6456.00,5314.00,,286.00,18.00,401.00,9.00,43982802.00,0.11,194.00,114.00,166.00,19.00
Senegal,12559.00,113.00,261.00,3.00,8050.00,4248.00,39.00,748.00,16.00,134349.00,7997.00,16800813.00,0.03,159.00,122.00,132.00,98.00
Paraguay,11817.00,684.00,170.00,5.00,6783.00,4864.00,63.00,1654.00,24.00,166110.00,23250.00,7144441.00,0.02,125.00,104.00,97.00,126.00
Lebanon,10952.00,605.00,113.00,4.00,3040.00,7799.00,72.00,1606.00,17.00,443709.00,65050.00,6821056.00,0.04,70.00,118.00,100.00,86.00
Zambia,10372.00,154.00,274.00,5.00,9126.00,972.00,,562.00,15.00,103023.00,5584.00,18449899.00,0.03,171.00,125.00,143.00,108.00
Norway,10197.00,35.00,264.00,2.00,9150.00,783.00,1.00,1879.00,49.00,588550.00,108447.00,5427090.00,0.03,49.00,82.00,93.00,112.00
DRC,9757.00,16.00,247.00,1.00,8895.00,615.00,,109.00,3.00,,,89906805.00,0.03,,169.00,190.00,114.00
Libya,9707.00,244.00,173.00,4.00,1047.00,8487.00,,1410.00,25.00,88492.00,12855.00,6883928.00,0.14,144.00,103.00,105.00,14.00
Malaysia,9240.00,5.00,125.00,,8932.00,183.00,7.00,285.00,4.00,1152140.00,35535.00,32422234.00,0.01,105.00,162.00,167.00,160.00
Guinea,8876.00,84.00,53.00,,7628.00,1195.00,24.00,674.00,4.00,16975.00,1288.00,13178580.00,0.01,190.00,162.00,137.00,180.00
French Guiana,8743.00,32.00,54.00,,8189.00,500.00,17.00,29174.00,180.00,48382.00,161444.00,299682.00,0.01,31.00,33.00,2.00,181.00
Gabon,8319.00,,53.00,,6614.00,1652.00,1.00,3726.00,24.00,104420.00,46771.00,2232578.00,0.01,90.00,104.00,64.00,173.00
Tajikistan,8203.00,37.00,66.00,1.00,7006.00,1131.00,,858.00,7.00,,,9565683.00,0.01,,146.00,129.00,170.00
Haiti,7997.00,48.00,196.00,,5447.00,2354.00,,700.00,17.00,21400.00,1874.00,11421419.00,0.03,184.00,118.00,135.00,88.00
Albania,7967.00,155.00,238.00,4.00,3986.00,3743.00,15.00,2769.00,83.00,49172.00,17089.00,2877351.00,0.06,133.00,58.00,82.00,50.00
Greece,7934.00,250.00,235.00,,3804.00,3895.00,30.00,762.00,23.00,816450.00,78386.00,10415735.00,0.06,62.00,107.00,130.00,47.00
Finland,7842.00,37.00,334.00,,7100.00,408.00,,1415.00,60.00,517936.00,93458.00,5541933.00,0.04,55.00,72.00,104.00,69.00
Luxembourg,7637.00,71.00,124.00,,6903.00,610.00,3.00,12174.00,198.00,706629.00,1126386.00,627342.00,0.02,4.00,32.00,16.00,148.00
Croatia,7329.00,255.00,168.00,,5472.00,1689.00,13.00,1787.00,41.00,144521.00,35235.00,4101613.00,0.03,107.00,86.00,94.00,103.00
Mauritania,6848.00,19.00,158.00,,6123.00,567.00,3.00,1468.00,34.00,68872.00,14762.00,4665419.00,0.03,138.00,93.00,103.00,118.00
Maldives,6370.00,145.00,24.00,,3915.00,2431.00,12.00,11757.00,44.00,100233.00,184996.00,541813.00,0.01,25.00,84.00,17.00,185.00
Zimbabwe,5745.00,102.00,151.00,1.00,4525.00,1069.00,,386.00,10.00,149748.00,10056.00,14892083.00,0.03,150.00,134.00,157.00,95.00
Djibouti,5374.00,,59.00,,5216.00,99.00,,5429.00,60.00,63471.00,64116.00,989936.00,0.01,73.00,72.00,48.00,166.00
Malawi,5282.00,42.00,165.00,1.00,2883.00,2234.00,4.00,275.00,9.00,41026.00,2137.00,19193810.00,0.05,181.00,137.00,168.00,54.00
Hungary,5046.00,44.00,609.00,,3678.00,759.00,7.00,523.00,63.00,390079.00,40394.00,9656850.00,0.14,102.00,70.00,148.00,13.00
Namibia,4912.00,247.00,41.00,2.00,2442.00,2429.00,18.00,1929.00,16.00,45744.00,17960.00,2547027.00,0.02,131.00,122.00,92.00,150.00
Equatorial Guinea,4892.00,,83.00,,2713.00,2096.00,,3473.00,59.00,49215.00,34935.00,1408774.00,0.03,109.00,74.00,72.00,105.00
CAR,4679.00,,61.00,,1755.00,2863.00,2.00,967.00,13.00,30775.00,6357.00,4840968.00,0.03,166.00,130.00,121.00,91.00
Hong Kong,4605.00,18.00,73.00,1.00,3827.00,705.00,31.00,614.00,10.00,780415.00,103981.00,7505365.00,0.02,52.00,134.00,140.00,143.00
Nicaragua,4311.00,,133.00,,2913.00,1265.00,,650.00,20.00,,,6635277.00,0.04,,112.00,139.00,74.00
Montenegro,4229.00,55.00,81.00,1.00,3186.00,962.00,,6733.00,129.00,44219.00,70404.00,628077.00,0.02,68.00,44.00,36.00,122.00
Eswatini,4110.00,52.00,81.00,2.00,2643.00,1386.00,11.00,3538.00,70.00,28380.00,24427.00,1161807.00,0.03,122.00,64.00,68.00,104.00
Congo,3850.00,,77.00,,1625.00,2148.00,,695.00,14.00,,,5535717.00,0.05,,128.00,136.00,67.00
Cuba,3565.00,83.00,88.00,,2894.00,583.00,3.00,315.00,8.00,346439.00,30589.00,11325635.00,0.03,115.00,141.00,164.00,106.00
Thailand,3389.00,7.00,58.00,,3218.00,113.00,1.00,49.00,0.80,749213.00,10730.00,69824575.00,0.02,147.00,180.00,201.00,146.00
Cabo Verde,3368.00,47.00,37.00,1.00,2462.00,869.00,,6049.00,66.00,73900.00,132720.00,556812.00,0.01,36.00,67.00,42.00,157.00
Suriname,3366.00,71.00,55.00,1.00,2383.00,928.00,20.00,5731.00,94.00,5889.00,10026.00,587354.00,0.02,151.00,56.00,45.00,131.00
Somalia,3265.00,,93.00,,2396.00,776.00,,205.00,6.00,,,15950038.00,0.04,,148.00,180.00,85.00
Mayotte,3160.00,,39.00,,2964.00,157.00,1.00,11547.00,143.00,13000.00,47502.00,273671.00,0.01,89.00,41.00,18.00,162.00
Mozambique,3115.00,70.00,20.00,1.00,1380.00,1715.00,,99.00,0.60,82264.00,2623.00,31367587.00,0.01,178.00,182.00,191.00,158.00
Slovakia,3102.00,80.00,33.00,,2014.00,1055.00,8.00,568.00,6.00,304021.00,55681.00,5460016.00,0.02,83.00,148.00,142.00,151.00
Sri Lanka,2918.00,16.00,11.00,,2765.00,142.00,1.00,136.00,0.50,195025.00,9102.00,21425788.00,0.00,154.00,183.00,187.00,189.00
Rwanda,2717.00,73.00,11.00,1.00,1705.00,1001.00,,209.00,0.80,351383.00,27042.00,12993865.00,0.01,118.00,180.00,179.00,182.00
Mali,2667.00,,125.00,,1993.00,549.00,,131.00,6.00,32716.00,1610.00,20325303.00,0.06,187.00,148.00,188.00,45.00
Tunisia,2543.00,116.00,63.00,3.00,1397.00,1083.00,8.00,215.00,5.00,119193.00,10071.00,11835528.00,0.04,149.00,155.00,177.00,78.00
Slovenia,2536.00,43.00,129.00,,2079.00,328.00,3.00,1220.00,62.00,147091.00,70752.00,2078978.00,0.06,66.00,71.00,112.00,46.00
Lithuania,2528.00,32.00,82.00,1.00,1747.00,699.00,6.00,931.00,30.00,594478.00,218825.00,2716679.00,0.04,20.00,98.00,125.00,70.00
South Sudan,2494.00,,47.00,,1290.00,1157.00,,222.00,4.00,12044.00,1074.00,11211590.00,0.04,191.00,162.00,175.00,87.00
Gambia,2401.00,113.00,81.00,4.00,435.00,1885.00,,990.00,33.00,10781.00,4445.00,2425361.00,0.16,174.00,94.00,119.00,10.00
Estonia,2227.00,20.00,63.00,,2009.00,155.00,,1679.00,47.00,138166.00,104146.00,1326661.00,0.03,51.00,83.00,96.00,100.00
Guinea-Bissau,2149.00,32.00,33.00,,1015.00,1101.00,5.00,1089.00,17.00,1500.00,760.00,1974061.00,0.03,192.00,118.00,116.00,97.00
Benin,2095.00,,39.00,,1705.00,351.00,,172.00,3.00,107057.00,8801.00,12164164.00,0.02,155.00,169.00,183.00,132.00
Angola,2044.00,29.00,93.00,1.00,742.00,1209.00,24.00,62.00,3.00,64747.00,1962.00,32995591.00,0.11,182.00,169.00,197.00,20.00
Iceland,2040.00,5.00,10.00,,1913.00,117.00,1.00,5973.00,29.00,191690.00,561236.00,341550.00,0.01,10.00,99.00,43.00,186.00
Syria,2008.00,81.00,82.00,4.00,460.00,1466.00,,114.00,5.00,,,17555909.00,0.15,,155.00,189.00,11.00
Sierra Leone,1969.00,8.00,69.00,,1536.00,364.00,,246.00,9.00,,,7998386.00,0.04,,137.00,173.00,79.00
Yemen,1899.00,7.00,541.00,2.00,1058.00,300.00,,63.00,18.00,120.00,4.00,29912082.00,0.34,195.00,114.00,196.00,7.00
Uganda,1750.00,94.00,19.00,3.00,1194.00,537.00,,38.00,0.40,336713.00,7332.00,45923374.00,0.02,162.00,184.00,204.00,153.00
New Zealand,1654.00,5.00,22.00,,1531.00,101.00,6.00,331.00,4.00,657506.00,131446.00,5002100.00,0.01,38.00,162.00,160.00,159.00
Bahamas,1610.00,79.00,23.00,1.00,211.00,1376.00,61.00,4089.00,58.00,8449.00,21457.00,393759.00,0.10,128.00,75.00,58.00,24.00
Malta,1510.00,40.00,9.00,,802.00,699.00,,3419.00,20.00,166348.00,376602.00,441708.00,0.01,13.00,112.00,75.00,168.00
Uruguay,1506.00,13.00,41.00,1.00,1242.00,223.00,3.00,433.00,12.00,154431.00,44435.00,3475415.00,0.03,95.00,132.00,155.00,96.00
Jordan,1498.00,16.00,11.00,,1261.00,226.00,3.00,147.00,1.00,720972.00,70566.00,10217009.00,0.01,67.00,177.00,184.00,172.00
Cyprus,1395.00,10.00,20.00,,878.00,497.00,5.00,1154.00,17.00,263943.00,218392.00,1208574.00,0.02,21.00,118.00,113.00,133.00
Aruba,1387.00,91.00,6.00,1.00,277.00,1104.00,2.00,12983.00,56.00,17669.00,165395.00,106829.00,0.02,30.00,76.00,15.00,138.00
Georgia,1370.00,9.00,17.00,,1108.00,245.00,,344.00,4.00,315142.00,79021.00,3988076.00,0.02,61.00,162.00,159.00,155.00
Latvia,1327.00,1.00,33.00,,1093.00,201.00,,705.00,18.00,232918.00,123686.00,1883144.00,0.03,41.00,114.00,133.00,107.00
Botswana,1308.00,,3.00,,136.00,1169.00,1.00,555.00,1.00,93420.00,39620.00,2357895.00,0.02,103.00,177.00,144.00,136.00
Burkina Faso,1297.00,12.00,55.00,,1034.00,208.00,,62.00,3.00,,,20976858.00,0.05,,169.00,197.00,58.00
Liberia,1284.00,2.00,82.00,,803.00,399.00,,253.00,16.00,,,5073177.00,0.09,,122.00,170.00,26.00
Togo,1212.00,22.00,27.00,,878.00,307.00,2.00,146.00,3.00,55741.00,6713.00,8304024.00,0.03,164.00,169.00,185.00,102.00
Jamaica,1192.00,46.00,14.00,,772.00,406.00,1.00,402.00,5.00,49215.00,16610.00,2962971.00,0.02,135.00,155.00,156.00,144.00
Niger,1169.00,2.00,69.00,,1082.00,18.00,,48.00,3.00,9052.00,372.00,24315155.00,0.06,193.00,169.00,202.00,43.00
Andorra,1024.00,,53.00,,875.00,96.00,1.00,13250.00,686.00,137457.00,1778642.00,77282.00,0.06,1.00,4.00,14.00,49.00
Vietnam,1007.00,13.00,25.00,,542.00,440.00,,10.00,0.30,817208.00,8385.00,97458937.00,0.04,157.00,187.00,211.00,71.00
Lesotho,996.00,50.00,30.00,,423.00,543.00,,464.00,14.00,12033.00,5611.00,2144591.00,0.07,169.00,128.00,153.00,39.00
Réunion,996.00,51.00,5.00,,657.00,334.00,3.00,1111.00,6.00,35419.00,39521.00,896196.00,0.01,104.00,148.00,115.00,176.00
Chad,972.00,1.00,76.00,,869.00,27.00,,59.00,5.00,,,16486068.00,0.08,,155.00,199.00,30.00
Sao Tome and Principe,888.00,3.00,15.00,,829.00,44.00,,4042.00,68.00,3432.00,15621.00,219700.00,0.02,137.00,66.00,59.00,145.00
Guyana,846.00,70.00,29.00,2.00,399.00,418.00,8.00,1075.00,37.00,6502.00,8261.00,787081.00,0.07,158.00,89.00,117.00,37.00
Trinidad and Tobago,767.00,81.00,12.00,,140.00,615.00,3.00,548.00,9.00,18036.00,12882.00,1400123.00,0.08,143.00,137.00,145.00,31.00
Diamond Princess,712.00,,13.00,,651.00,48.00,4.00,,,,,,0.02,,,,142.00
San Marino,704.00,,42.00,,657.00,5.00,,20742.00,1237.00,6511.00,191833.00,33941.00,0.06,24.00,1.00,4.00,42.00
Channel Islands,613.00,,48.00,,545.00,20.00,,3521.00,276.00,68985.00,396276.00,174083.00,0.08,12.00,23.00,69.00,29.00
Belize,605.00,52.00,5.00,1.00,38.00,562.00,3.00,1518.00,13.00,5592.00,14030.00,398588.00,0.12,140.00,130.00,102.00,17.00
Guadeloupe,510.00,,15.00,,289.00,206.00,2.00,1275.00,37.00,23585.00,58943.00,400134.00,0.05,81.00,89.00,111.00,60.00
Tanzania,509.00,,21.00,,183.00,305.00,7.00,8.00,0.40,,,59951725.00,0.10,,184.00,212.00,23.00
Taiwan,486.00,,7.00,,457.00,22.00,,20.00,0.30,85563.00,3592.00,23822843.00,0.02,176.00,187.00,207.00,156.00
Burundi,422.00,,1.00,,336.00,85.00,,35.00,0.08,19993.00,1675.00,11935821.00,0.00,186.00,190.00,205.00,190.00
Comoros,417.00,11.00,7.00,,396.00,14.00,,478.00,8.00,,,872036.00,0.02,,141.00,152.00,149.00
Myanmar,399.00,5.00,6.00,,333.00,60.00,,7.00,0.10,141044.00,2590.00,54460318.00,0.02,179.00,189.00,213.00,147.00
Faeroe Islands,383.00,1.00,,,274.00,109.00,3.00,7834.00,,80312.00,1642742.00,48889.00,,2.00,,31.00,
Papua New Guinea,361.00,14.00,4.00,1.00,198.00,159.00,,40.00,0.40,14439.00,1610.00,8969502.00,0.02,187.00,184.00,203.00,141.00
Sint Maarten,348.00,15.00,17.00,,133.00,198.00,3.00,8104.00,396.00,1983.00,46179.00,42942.00,0.11,92.00,15.00,29.00,18.00
Mauritius,346.00,,10.00,,334.00,2.00,,272.00,8.00,205285.00,161379.00,1272065.00,0.03,32.00,141.00,169.00,109.00
Isle of Man,336.00,,24.00,,312.00,0.00,,3948.00,282.00,9423.00,110734.00,85096.00,0.07,47.00,21.00,60.00,35.00
Martinique,336.00,,16.00,,98.00,222.00,2.00,895.00,43.00,12227.00,32586.00,375224.00,0.14,112.00,85.00,127.00,15.00
Turks and Caicos,327.00,12.00,2.00,,56.00,269.00,3.00,8430.00,52.00,1940.00,50015.00,38788.00,0.03,88.00,77.00,27.00,89.00
Eritrea,306.00,2.00,,,274.00,32.00,,86.00,,,,3553053.00,,,,193.00,
Mongolia,298.00,,,,281.00,17.00,1.00,91.00,,46332.00,14103.00,3285365.00,,139.00,,192.00,
Cambodia,273.00,,,,253.00,20.00,1.00,16.00,,83626.00,4993.00,16750228.00,,172.00,,210.00,
Gibraltar,229.00,6.00,,,200.00,29.00,,6797.00,,28366.00,841971.00,33690.00,,5.00,,35.00,
French Polynesia,211.00,,,,68.00,143.00,2.00,751.00,,9912.00,35257.00,281134.00,,106.00,,131.00,
Cayman Islands,205.00,,1.00,,202.00,2.00,,3114.00,15.00,33978.00,516171.00,65827.00,0.00,11.00,125.00,78.00,187.00
Bermuda,166.00,,9.00,,147.00,10.00,,2667.00,145.00,36203.00,581621.00,62245.00,0.06,9.00,39.00,85.00,48.00
Barbados,156.00,1.00,7.00,,123.00,26.00,,543.00,24.00,15028.00,52285.00,287425.00,0.05,85.00,104.00,146.00,55.00
Monaco,150.00,2.00,4.00,,115.00,31.00,1.00,3819.00,102.00,51953.00,1322632.00,39280.00,0.03,3.00,53.00,62.00,90.00
Bhutan,150.00,3.00,,,105.00,45.00,,194.00,,66835.00,86488.00,772767.00,,57.00,,182.00,
Brunei,143.00,,3.00,,139.00,1.00,,326.00,7.00,49399.00,112769.00,438054.00,0.02,46.00,146.00,161.00,139.00
Seychelles,132.00,,,,126.00,6.00,,1341.00,,,,98431.00,,,,107.00,
Saint Martin,121.00,,5.00,,49.00,67.00,1.00,3122.00,129.00,2449.00,63193.00,38754.00,0.09,76.00,44.00,77.00,27.00
Liechtenstein,99.00,1.00,1.00,,88.00,10.00,,2595.00,26.00,900.00,23595.00,38143.00,0.01,124.00,101.00,87.00,165.00
Antigua and Barbuda,94.00,,3.00,,89.00,2.00,1.00,959.00,31.00,1738.00,17727.00,98041.00,0.03,132.00,97.00,122.00,93.00
St. Vincent Grenadines,58.00,,,,56.00,2.00,,523.00,,3033.00,27327.00,110989.00,,117.00,,148.00,
Macao,46.00,,,,46.00,0.00,,71.00,,4071.00,6258.00,650532.00,,167.00,,195.00,
Curaçao,36.00,,1.00,,31.00,4.00,,219.00,6.00,1080.00,6578.00,164187.00,0.03,165.00,148.00,176.00,99.00
Fiji,28.00,,1.00,,20.00,7.00,,31.00,1.00,6693.00,7459.00,897343.00,0.05,160.00,177.00,206.00,63.00
Saint Lucia,26.00,,,,25.00,1.00,,142.00,,4946.00,26918.00,183744.00,,119.00,,186.00,
Timor-Leste,25.00,,,,25.00,0.00,,19.00,,4238.00,3206.00,1321774.00,,177.00,,208.00,
Grenada,24.00,,,,24.00,0.00,,213.00,,6252.00,55526.00,112596.00,,84.00,,178.00,
New Caledonia,23.00,,,,22.00,1.00,,80.00,,11838.00,41410.00,285874.00,,99.00,,194.00,
Laos,22.00,,,,19.00,3.00,,3.00,,35428.00,4860.00,7289790.00,,173.00,,214.00,
Dominica,18.00,,,,18.00,0.00,,250.00,,1646.00,22858.00,72011.00,,126.00,,171.00,
Saint Kitts and Nevis,17.00,,,,17.00,0.00,,319.00,,1385.00,26009.00,53251.00,,120.00,,162.00,
St. Barth,16.00,,,,9.00,7.00,,1619.00,,1699.00,171946.00,9881.00,,28.00,,98.00,
Greenland,14.00,,,,14.00,0.00,,247.00,,6446.00,113518.00,56784.00,,45.00,,172.00,
Montserrat,13.00,,1.00,,12.00,0.00,,2604.00,200.00,61.00,12220.00,4992.00,0.08,145.00,31.00,86.00,32.00
Caribbean Netherlands,13.00,,,,7.00,6.00,,495.00,,424.00,16149.00,26256.00,,136.00,,151.00,
Falkland Islands,13.00,,,,13.00,0.00,,3722.00,,2256.00,645863.00,3493.00,,6.00,,65.00,
Vatican City,12.00,,,,12.00,0.00,,14981.00,,,,801.00,,,,12.00,
British Virgin Islands,11.00,,1.00,,8.00,2.00,,364.00,33.00,1890.00,62461.00,30259.00,0.11,78.00,94.00,158.00,21.00
Western Sahara,10.00,,1.00,,8.00,1.00,,17.00,2.00,,,599245.00,0.11,,176.00,209.00,21.00
MS Zaandam,9.00,,2.00,,,7.00,,,,,,,1.00,,,,1.00
Saint Pierre Miquelon,5.00,,,,1.00,4.00,,864.00,,,,5790.00,,,,128.00,
Anguilla,3.00,,,,3.00,0.00,,200.00,,662.00,44072.00,15021.00,,97.00,,181.00,
